sample_id,scenario,y_true,p_ooc,y_pred
ooc_98322_1614543,1,1,0.95477366,1
ooc_1650696_1669491,1,1,0.92038894,1
ooc_1675660_1632026,1,1,0.7037719,1
ooc_681698_997136,1,1,0.9977568,1
ooc_1169649_1227807,1,1,0.9964605,1
ooc_1169569_213569,1,1,0.96196425,1
ooc_689595_451777,1,1,0.992167,1
ooc_626790_125518,1,1,0.99468094,1
ooc_82816_563942,1,1,0.96257234,1
ooc_485996_819191,1,1,0.97667116,1
ooc_1668083_1576765,1,1,0.99514365,1
ooc_308494_655416,1,1,0.99501425,1
ooc_1135345_1117087,1,1,0.96442187,1
ooc_769285_894988,1,1,0.99657947,1
ooc_741323_1062687,1,1,0.94559056,1
ooc_1018454_144200,1,1,0.97141653,1
ooc_312660_1177514,1,1,0.98641473,1
ooc_1245512_429515,1,1,0.99183285,1
ooc_477460_283184,1,1,0.9914929,1
ooc_119804_328416,1,1,0.9955576,1
ooc_251019_1272688,1,1,0.98674065,1
ooc_1032975_340332,1,1,0.92416525,1
ooc_933059_633314,1,1,0.9940037,1
ooc_419355_487459,1,1,0.9865285,1
ooc_960017_1243558,1,1,0.9953452,1
ooc_1620434_374801,1,1,0.996775,1
ooc_1014428_109916,1,1,0.9911122,1
ooc_1145251_1584305,1,1,0.95891416,1
ooc_48086_1050938,1,1,0.9701351,1
ooc_1257895_123607,1,1,0.98748636,1
ooc_737595_779262,1,1,0.9938507,1
ooc_763243_1523220,1,1,0.9660731,1
ooc_56610_208965,1,1,0.96610093,1
ooc_1035844_329410,1,1,0.989416,1
ooc_68385_284217,1,1,0.6523785,1
ooc_175183_629741,1,1,0.9796047,1
ooc_984469_915358,1,1,0.99130976,1
ooc_1536903_279647,1,1,0.98685753,1
ooc_616908_280655,1,1,0.9980684,1
ooc_872833_971315,1,1,0.9956073,1
ooc_1459506_517179,1,1,0.9803053,1
ooc_1216062_1632678,1,1,0.98410404,1
ooc_518583_1559077,1,1,0.5073924,1
ooc_69404_231992,1,1,0.9981856,1
ooc_1004754_55115,1,1,0.97836405,1
ooc_432242_1174506,1,1,0.78508955,1
ooc_738836_212332,1,1,0.9723077,1
ooc_378994_226156,1,1,0.99000543,1
ooc_826143_944326,1,1,0.9699476,1
ooc_1595107_922352,1,1,0.9503041,1
ooc_691098_117671,1,1,0.997033,1
ooc_1654569_430634,1,1,0.9765079,1
ooc_62549_274898,1,1,0.9957634,1
ooc_1133388_1629491,1,1,0.9914272,1
ooc_525323_215721,1,1,0.960922,1
ooc_1595185_180162,1,1,0.9806558,1
ooc_755486_892598,1,1,0.97582257,1
ooc_533384_250944,1,1,0.9720605,1
ooc_1273337_321630,1,1,0.9980762,1
ooc_1548155_850102,1,1,0.6736435,1
ooc_1552038_1480196,1,1,0.9733445,1
ooc_215499_652794,1,1,0.9943427,1
ooc_664179_76365,1,1,0.18882883,0
ooc_293113_635940,1,1,0.9973935,1
ooc_157288_852092,1,1,0.98537767,1
ooc_149467_307920,1,1,0.991732,1
ooc_54979_1280398,1,1,0.98412806,1
ooc_178891_867711,1,1,0.99689263,1
ooc_748568_1065317,1,1,0.9892369,1
ooc_948762_407515,1,1,0.99410605,1
ooc_1649455_959738,1,1,0.26974007,0
ooc_944997_462730,1,1,0.14817618,0
ooc_498778_104343,1,1,0.9903492,1
ooc_932187_210001,1,1,0.99784684,1
ooc_440607_1623744,1,1,0.9951315,1
ooc_789541_1623102,1,1,0.99188954,1
ooc_76799_960653,1,1,0.9535476,1
ooc_398573_1282655,1,1,0.9935993,1
ooc_203272_742673,1,1,0.98922974,1
ooc_98574_484268,1,1,0.9955747,1
ooc_1222409_1578767,1,1,0.9798534,1
ooc_841119_1679036,1,1,0.95094174,1
ooc_231836_1078936,1,1,0.91791886,1
ooc_435127_217438,1,1,0.99359775,1
ooc_81765_1462021,1,1,0.59029746,1
ooc_861291_450530,1,1,0.98825026,1
ooc_1230610_1587226,1,1,0.97601277,1
ooc_58358_979700,1,1,0.98407274,1
ooc_563454_450574,1,1,0.9522394,1
ooc_1503730_1262585,1,1,0.9850708,1
ooc_1019657_518175,1,1,0.997421,1
ooc_1642363_1038845,1,1,0.050029702,0
ooc_501954_897125,1,1,0.9977956,1
ooc_428343_1030952,1,1,0.973381,1
ooc_1554607_212152,1,1,0.99186885,1
ooc_481149_1681238,1,1,0.9134544,1
ooc_921817_1181686,1,1,0.95128006,1
ooc_63123_147074,1,1,0.93593735,1
ooc_244197_1611256,1,1,0.9859847,1
ooc_361323_1095722,1,1,0.85754156,1
ooc_309315_259365,1,1,0.98888296,1
ooc_397769_61094,1,1,0.99114335,1
ooc_363237_632927,1,1,0.74081975,1
ooc_212266_1000027,1,1,0.9944418,1
ooc_1590665_409151,1,1,0.9974842,1
ooc_221638_177282,1,1,0.9892202,1
ooc_1547664_291959,1,1,0.9961642,1
ooc_823695_1630912,1,1,0.97946566,1
ooc_127349_1228962,1,1,0.99071455,1
ooc_1176820_239697,1,1,0.9965527,1
ooc_280241_389743,1,1,0.9868711,1
ooc_138561_776927,1,1,0.9952624,1
ooc_1597815_225760,1,1,0.9904379,1
ooc_1267822_772606,1,1,0.9813793,1
ooc_316285_135407,1,1,0.9974573,1
ooc_730188_302975,1,1,0.97847444,1
ooc_416151_201441,1,1,0.99145824,1
ooc_1153172_396515,1,1,0.9967001,1
ooc_836769_236843,1,1,0.9953341,1
ooc_324482_609452,1,1,0.9645573,1
ooc_619160_93833,1,1,0.9671668,1
ooc_1590787_1625846,1,1,0.84133667,1
ooc_416996_672952,1,1,0.8161827,1
ooc_136253_358926,1,1,0.99625754,1
ooc_173346_147831,1,1,0.98513156,1
ooc_631850_272651,1,1,0.94232136,1
ooc_1100239_77194,1,1,0.99321544,1
ooc_159659_409342,1,1,0.99442804,1
ooc_788174_1492864,1,1,0.9964864,1
ooc_127826_285027,1,1,0.94065595,1
ooc_77643_964601,1,1,0.4420171,0
ooc_404891_1554980,1,1,0.9687613,1
ooc_833732_534220,1,1,0.92719954,1
ooc_962011_363825,1,1,0.9944265,1
ooc_686221_471119,1,1,0.98422396,1
ooc_720912_742970,1,1,0.9798217,1
ooc_250731_1221740,1,1,0.99816775,1
ooc_732759_512800,1,1,0.9966402,1
ooc_196692_1258997,1,1,0.9840858,1
ooc_239675_232125,1,1,0.99787927,1
ooc_1604849_344083,1,1,0.9804247,1
ooc_316991_262155,1,1,0.92209166,1
ooc_1673763_1086171,1,1,0.9918087,1
ooc_753471_48799,1,1,0.9680847,1
ooc_143790_60279,1,1,0.07082353,0
ooc_488524_287867,1,1,0.9926824,1
ooc_95770_1684106,1,1,0.96454597,1
ooc_1635921_1649297,1,1,0.97492456,1
ooc_1512843_714262,1,1,0.99656373,1
ooc_558297_1082292,1,1,0.9882069,1
ooc_1604335_1246140,1,1,0.9788998,1
ooc_91165_988025,1,1,0.9782306,1
ooc_1070026_986457,1,1,0.9963297,1
ooc_1127420_1606693,1,1,0.92754877,1
ooc_1239237_1671245,1,1,0.74615747,1
ooc_83935_1045754,1,1,0.9969181,1
ooc_1105809_1065263,1,1,0.97644275,1
ooc_386448_1003643,1,1,0.95787376,1
ooc_1129781_1192239,1,1,0.5765719,1
ooc_952844_1235365,1,1,0.9843715,1
ooc_694326_290794,1,1,0.99560827,1
ooc_478784_1182217,1,1,0.9617636,1
ooc_126578_137411,1,1,0.8996913,1
ooc_270857_1206892,1,1,0.9875213,1
ooc_69733_433913,1,1,0.067713566,0
ooc_941668_54663,1,1,0.991011,1
ooc_397363_444937,1,1,0.9966528,1
ooc_347184_275054,1,1,0.50385123,1
ooc_1083606_941634,1,1,0.99293053,1
ooc_210466_371676,1,1,0.7332841,1
ooc_144411_412638,1,1,0.99808866,1
ooc_369781_1093243,1,1,0.99178314,1
ooc_308798_386487,1,1,0.8978079,1
ooc_244723_639528,1,1,0.9557931,1
ooc_1182854_380511,1,1,0.98196286,1
ooc_990820_97129,1,1,0.8582757,1
ooc_1653793_1529426,1,1,0.7280919,1
ooc_1127060_433161,1,1,0.98890173,1
ooc_769556_121723,1,1,0.988294,1
ooc_1244429_873755,1,1,0.9114055,1
ooc_631438_886645,1,1,0.9889242,1
ooc_983050_1655288,1,1,0.0052414564,0
ooc_593316_876228,1,1,0.9922748,1
ooc_1512407_92890,1,1,0.4759215,0
ooc_316521_194888,1,1,0.97839445,1
ooc_264106_901008,1,1,0.99867105,1
ooc_370688_369832,1,1,0.9931933,1
ooc_1568777_530084,1,1,0.98745614,1
ooc_1684553_1066418,1,1,0.91030854,1
ooc_69567_1510080,1,1,0.97214985,1
ooc_415696_483637,1,1,0.9780059,1
ooc_759518_1259894,1,1,0.96807355,1
ooc_504962_577589,1,1,0.9959526,1
ooc_308638_219777,1,1,0.9944595,1
ooc_1069082_1630007,1,1,0.9830768,1
ooc_430995_1162807,1,1,0.98572284,1
ooc_387712_493163,1,1,0.97023803,1
ooc_399363_366630,1,1,0.96533424,1
ooc_294376_1075247,1,1,0.89002496,1
ooc_965416_1040213,1,1,0.93798727,1
ooc_900814_427545,1,1,0.9708546,1
ooc_204579_135180,1,1,0.99503434,1
ooc_1207782_917335,1,1,0.9923494,1
ooc_302890_109695,1,1,0.53151643,1
ooc_535784_983886,1,1,0.98557425,1
ooc_469030_1079070,1,1,0.6602671,1
ooc_346459_112384,1,1,0.99085087,1
ooc_776678_339329,1,1,0.9975331,1
ooc_317324_1134144,1,1,0.9890962,1
ooc_358475_1188356,1,1,0.9922231,1
ooc_597219_179125,1,1,0.99703765,1
ooc_1123132_944318,1,1,0.9928524,1
ooc_321267_1164460,1,1,0.98471314,1
ooc_41522_1189976,1,1,0.8987095,1
ooc_784031_113028,1,1,0.99573237,1
ooc_1195029_1029085,1,1,0.99349535,1
ooc_44791_1196404,1,1,0.97810864,1
ooc_812092_178511,1,1,0.98400337,1
ooc_1069336_1037733,1,1,0.99157566,1
ooc_1099586_692805,1,1,0.97355664,1
ooc_1540063_1663303,1,1,0.035298698,0
ooc_1233449_237436,1,1,0.9774418,1
ooc_877753_904350,1,1,0.9810998,1
ooc_247568_1573117,1,1,0.95813924,1
ooc_70815_617378,1,1,0.9486498,1
ooc_103270_485110,1,1,0.96582484,1
ooc_1011839_449581,1,1,0.98896617,1
ooc_113884_138883,1,1,0.9864786,1
ooc_59727_152037,1,1,0.691679,1
ooc_284952_1651514,1,1,0.97734743,1
ooc_1204686_547493,1,1,0.99388796,1
ooc_1521853_1120685,1,1,0.9811406,1
ooc_420110_167692,1,1,0.9976553,1
ooc_651213_531510,1,1,0.9796203,1
ooc_582168_763519,1,1,0.9775548,1
ooc_360745_672785,1,1,0.93290913,1
ooc_270225_452901,1,1,0.99009705,1
ooc_763201_376164,1,1,0.9882023,1
ooc_759179_1649933,1,1,0.9702526,1
ooc_439818_67446,1,1,0.95344627,1
ooc_464377_873802,1,1,0.98504514,1
ooc_420510_1073059,1,1,0.9321792,1
ooc_518175_1619726,1,1,0.89170694,1
ooc_1473734_1623891,1,1,0.9910745,1
ooc_310188_608298,1,1,0.9965013,1
ooc_524555_1536269,1,1,0.99128914,1
ooc_315834_268508,1,1,0.712807,1
ooc_432614_433503,1,1,0.966243,1
ooc_143736_460420,1,1,0.9974396,1
ooc_1495400_139263,1,1,0.98433673,1
ooc_302693_344007,1,1,0.98662853,1
ooc_1077245_853946,1,1,0.86728066,1
ooc_260465_608091,1,1,0.99267876,1
ooc_915359_541305,1,1,0.9889924,1
ooc_332718_1614765,1,1,0.97948897,1
ooc_1582532_1183452,1,1,0.119704515,0
ooc_1191942_346101,1,1,0.9098432,1
ooc_1630095_88777,1,1,0.99013054,1
ooc_1586714_1117450,1,1,0.97662807,1
ooc_981711_392195,1,1,0.9839214,1
ooc_379278_1086174,1,1,0.9917486,1
ooc_425224_1200426,1,1,0.75482124,1
ooc_271196_149913,1,1,0.9837722,1
ooc_1087897_1512371,1,1,0.9837503,1
ooc_307290_1000151,1,1,0.026684558,0
ooc_180188_837304,1,1,0.92755574,1
ooc_771929_232211,1,1,0.99291116,1
ooc_369343_835962,1,1,0.9971318,1
ooc_588689_337783,1,1,0.9967085,1
ooc_127002_407308,1,1,0.9780552,1
ooc_1022958_154699,1,1,0.9853507,1
ooc_1110571_292326,1,1,0.98840135,1
ooc_848970_758726,1,1,0.9940948,1
ooc_1056861_665150,1,1,0.92450184,1
ooc_1128024_593184,1,1,0.9890799,1
ooc_286155_1072569,1,1,0.9601754,1
ooc_216051_225366,1,1,0.8235871,1
ooc_403222_780452,1,1,0.9987495,1
ooc_288420_938244,1,1,0.99495584,1
ooc_1666712_275082,1,1,0.9969388,1
ooc_308554_1147700,1,1,0.9357703,1
ooc_916713_1000811,1,1,0.94377816,1
ooc_519829_845022,1,1,0.9928014,1
ooc_1004310_460864,1,1,0.74531335,1
ooc_1685029_461218,1,1,0.9895103,1
ooc_1015731_341844,1,1,0.9965391,1
ooc_740960_782680,1,1,0.9732265,1
ooc_791874_302466,1,1,0.9779465,1
ooc_462730_1589773,1,1,0.9808092,1
ooc_646827_379246,1,1,0.9941782,1
ooc_1460844_259661,1,1,0.98839813,1
ooc_182524_1161639,1,1,0.98862875,1
ooc_972181_936526,1,1,0.99699616,1
ooc_145752_915790,1,1,0.98673266,1
ooc_351395_795923,1,1,0.681484,1
ooc_91661_1549402,1,1,0.91488093,1
ooc_302744_187130,1,1,0.7659642,1
ooc_528134_553285,1,1,0.96630204,1
ooc_362258_786059,1,1,0.95547956,1
ooc_233870_1686585,1,1,0.981338,1
ooc_909101_712624,1,1,0.9746883,1
ooc_885571_301047,1,1,0.9860488,1
ooc_372647_886792,1,1,0.98558515,1
ooc_795868_580650,1,1,0.99304503,1
ooc_1614527_462318,1,1,0.8554436,1
ooc_669950_379595,1,1,0.99746823,1
ooc_1119717_220342,1,1,0.98164535,1
ooc_899656_123498,1,1,0.99648595,1
ooc_594231_46392,1,1,0.9946372,1
ooc_334200_757577,1,1,0.96772903,1
ooc_323466_410474,1,1,0.9962805,1
ooc_1183706_387624,1,1,0.9950342,1
ooc_301283_433260,1,1,0.9964283,1
ooc_599367_324150,1,1,0.9953004,1
ooc_173934_215909,1,1,0.95937216,1
ooc_190562_1252357,1,1,0.9667244,1
ooc_1598797_279083,1,1,0.993729,1
ooc_1071530_832896,1,1,0.9916009,1
ooc_1168724_365407,1,1,0.9829606,1
ooc_588987_1208612,1,1,0.9717667,1
ooc_272335_1608335,1,1,0.62448174,1
ooc_109891_56673,1,1,0.96692914,1
ooc_104809_916563,1,1,0.9968172,1
ooc_238952_1580619,1,1,0.9843811,1
ooc_1201504_456990,1,1,0.9795933,1
ooc_674932_786970,1,1,0.9966607,1
ooc_672715_317908,1,1,0.9951687,1
ooc_1181679_850842,1,1,0.9925471,1
ooc_421812_837891,1,1,0.98961884,1
ooc_331636_1510456,1,1,0.933348,1
ooc_786361_548594,1,1,0.99020106,1
ooc_1063078_160340,1,1,0.9915809,1
ooc_249120_293916,1,1,0.973865,1
ooc_864424_869770,1,1,0.9959953,1
ooc_237603_999761,1,1,0.7433959,1
ooc_1008030_41907,1,1,0.8135817,1
ooc_151394_89896,1,1,0.9165756,1
ooc_512945_617120,1,1,0.19583054,0
ooc_1683979_1141412,1,1,0.98356587,1
ooc_349782_1215140,1,1,0.95004475,1
ooc_830726_1113119,1,1,0.99697495,1
ooc_742872_747868,1,1,0.9909423,1
ooc_337393_1540317,1,1,0.9892647,1
ooc_449349_983876,1,1,0.98533905,1
ooc_1676063_681953,1,1,0.90091664,1
ooc_205630_54369,1,1,0.9671173,1
ooc_794385_1127060,1,1,0.9580456,1
ooc_764506_1470067,1,1,0.99796873,1
ooc_524530_992259,1,1,0.9943685,1
ooc_604523_50775,1,1,0.9971365,1
ooc_368473_433464,1,1,0.9970176,1
ooc_1676664_949118,1,1,0.92351305,1
ooc_1106256_1188356,1,1,0.97204363,1
ooc_573599_492232,1,1,0.9921445,1
ooc_1612161_100396,1,1,0.9932846,1
ooc_1153628_401866,1,1,0.99003524,1
ooc_1538205_1001739,1,1,0.971428,1
ooc_862908_163702,1,1,0.9847031,1
ooc_1120029_923710,1,1,0.995161,1
ooc_962350_971289,1,1,0.98460984,1
ooc_1131449_874489,1,1,0.986985,1
ooc_185496_1006274,1,1,0.9833782,1
ooc_135403_1591426,1,1,0.914529,1
ooc_281223_802415,1,1,0.96913636,1
ooc_157903_215498,1,1,0.98793507,1
ooc_869873_632132,1,1,0.9802096,1
ooc_488042_143792,1,1,0.8287473,1
ooc_868011_247900,1,1,0.9955289,1
ooc_681820_953682,1,1,0.9890615,1
ooc_905591_89798,1,1,0.91717917,1
ooc_244318_330750,1,1,0.99469167,1
ooc_662239_1115136,1,1,0.9960645,1
ooc_1263004_339502,1,1,0.9560297,1
ooc_275691_1057978,1,1,0.9950283,1
ooc_483312_1658389,1,1,0.98885286,1
ooc_70630_300877,1,1,0.9393212,1
ooc_803529_657674,1,1,0.99331987,1
ooc_308490_267161,1,1,0.9758136,1
ooc_1529657_1263323,1,1,0.9826943,1
ooc_301513_787254,1,1,0.9448382,1
ooc_162171_633243,1,1,0.9820629,1
ooc_1178536_1446475,1,1,0.9590305,1
ooc_402093_638828,1,1,0.9977102,1
ooc_181949_134230,1,1,0.6777209,1
ooc_1633015_1040904,1,1,0.9945693,1
ooc_1027638_1616280,1,1,0.98579305,1
ooc_744741_1567684,1,1,0.96793103,1
ooc_786970_1012374,1,1,0.9967135,1
ooc_56073_161135,1,1,0.9895237,1
ooc_72116_98328,1,1,0.9942111,1
ooc_1216190_972409,1,1,0.9537311,1
ooc_88206_1263812,1,1,0.9279007,1
ooc_253299_588278,1,1,0.9969523,1
ooc_541274_489222,1,1,0.9893993,1
ooc_252471_727972,1,1,0.9988914,1
ooc_677644_1672566,1,1,0.050505523,0
ooc_297010_806713,1,1,0.8770217,1
ooc_1059638_321786,1,1,0.9900343,1
ooc_1255557_262852,1,1,0.99324363,1
ooc_554051_1212276,1,1,0.99714476,1
ooc_167401_325161,1,1,0.9948849,1
ooc_158742_1191667,1,1,0.99294406,1
ooc_637497_885504,1,1,0.23203923,0
ooc_563604_777077,1,1,0.97351223,1
ooc_895406_977806,1,1,0.9984187,1
ooc_351062_154905,1,1,0.99561864,1
ooc_295308_968298,1,1,0.07400238,0
ooc_1255544_267559,1,1,0.6516845,1
ooc_768275_468559,1,1,0.9707925,1
ooc_565844_1638141,1,1,0.96927613,1
ooc_359821_562923,1,1,0.5652967,1
ooc_735832_1125438,1,1,0.17844184,0
ooc_1235871_177436,1,1,0.97192717,1
ooc_794145_97431,1,1,0.9688274,1
ooc_510943_1550862,1,1,0.99642867,1
ooc_1547052_631317,1,1,0.3166333,0
ooc_890248_286656,1,1,0.99508274,1
ooc_148782_148976,1,1,0.99340373,1
ooc_1024295_272066,1,1,0.9867002,1
ooc_343607_1524619,1,1,0.9901338,1
ooc_808431_688240,1,1,0.9733611,1
ooc_1264558_993968,1,1,0.98953223,1
ooc_1595631_200369,1,1,0.9902637,1
ooc_57127_428338,1,1,0.9868378,1
ooc_859556_746916,1,1,0.9759783,1
ooc_1665442_162199,1,1,0.99015546,1
ooc_1457204_445292,1,1,0.98846483,1
ooc_536444_1541244,1,1,0.9819526,1
ooc_307920_511544,1,1,0.9942015,1
ooc_1046334_1278335,1,1,0.98657936,1
ooc_1123114_291802,1,1,0.93224674,1
ooc_79889_537330,1,1,0.99426997,1
ooc_329537_780440,1,1,0.9780326,1
ooc_1677155_1509521,1,1,0.9870244,1
ooc_437887_109110,1,1,0.9870113,1
ooc_1608912_262276,1,1,0.88399565,1
ooc_696326_539195,1,1,0.90392303,1
ooc_178099_281972,1,1,0.9758763,1
ooc_698014_606869,1,1,0.25994185,0
ooc_1560346_546000,1,1,0.8991087,1
ooc_257596_827917,1,1,0.993396,1
ooc_728631_315070,1,1,0.99179745,1
ooc_340577_360888,1,1,0.9540115,1
ooc_65304_1067644,1,1,0.97358704,1
ooc_1273698_968426,1,1,0.97675985,1
ooc_847543_1106063,1,1,0.080582365,0
ooc_168043_117472,1,1,0.9956958,1
ooc_769271_980110,1,1,0.992971,1
ooc_370938_189750,1,1,0.98140126,1
ooc_967696_989574,1,1,0.90993035,1
ooc_399515_461805,1,1,0.9707926,1
ooc_216507_608296,1,1,0.9950088,1
ooc_1513058_663014,1,1,0.9727702,1
ooc_1514274_1683482,1,1,0.99397165,1
ooc_709838_959368,1,1,0.80956763,1
ooc_595884_1285888,1,1,0.9816058,1
ooc_568837_401245,1,1,0.9913646,1
ooc_560232_1651790,1,1,0.9571134,1
ooc_689953_900320,1,1,0.9912043,1
ooc_448988_1570396,1,1,0.9861957,1
ooc_330136_1650339,1,1,0.9566886,1
ooc_338104_272335,1,1,0.9937577,1
ooc_874025_477255,1,1,0.9216315,1
ooc_558644_1551216,1,1,0.92447585,1
ooc_1215455_859047,1,1,0.36168987,0
ooc_894060_1614525,1,1,0.9316161,1
ooc_759655_860160,1,1,0.9699064,1
ooc_1230558_1280843,1,1,0.71062815,1
ooc_1553216_742551,1,1,0.9932805,1
ooc_161589_227246,1,1,0.99053955,1
ooc_1615309_462425,1,1,0.98911625,1
ooc_710411_721689,1,1,0.9919898,1
ooc_1211467_665810,1,1,0.9928585,1
ooc_1198540_996814,1,1,0.9954489,1
ooc_364404_515882,1,1,0.8092494,1
ooc_1027526_1173988,1,1,0.9543538,1
ooc_1037699_195216,1,1,0.99087596,1
ooc_832618_1274460,1,1,0.9874877,1
ooc_375751_1150718,1,1,0.9832166,1
ooc_47381_557061,1,1,0.94019395,1
ooc_1093086_271458,1,1,0.99720263,1
ooc_327754_151484,1,1,0.9868118,1
ooc_1632228_110458,1,1,0.72185457,1
ooc_351599_242387,1,1,0.8448032,1
ooc_1543413_513684,1,1,0.9854731,1
ooc_1583396_1520407,1,1,0.97335875,1
ooc_1218411_1631877,1,1,0.9978369,1
ooc_803505_50484,1,1,0.9752999,1
ooc_335856_53101,1,1,0.9955389,1
ooc_374125_372798,1,1,0.99527514,1
ooc_547961_362863,1,1,0.9653637,1
ooc_998862_285644,1,1,0.99768317,1
ooc_435951_201291,1,1,0.9315513,1
ooc_483382_438175,1,1,0.98926175,1
ooc_694348_1621400,1,1,0.88248,1
ooc_912995_72161,1,1,0.99639004,1
ooc_295461_565715,1,1,0.99650025,1
ooc_808744_158762,1,1,0.99244034,1
ooc_1535089_514450,1,1,0.96627295,1
ooc_1667478_1664144,1,1,0.9165053,1
ooc_864523_1130257,1,1,0.9470913,1
ooc_851755_1584687,1,1,0.9931564,1
ooc_1664518_166778,1,1,0.99618894,1
ooc_699850_1579200,1,1,0.6580152,1
ooc_629913_1605428,1,1,0.99622536,1
ooc_733709_625837,1,1,0.98528534,1
ooc_944947_449599,1,1,0.8740284,1
ooc_597199_1039910,1,1,0.98611057,1
ooc_1133371_346147,1,1,0.9906238,1
ooc_71988_159878,1,1,0.6310127,1
ooc_1082213_53819,1,1,0.93523884,1
ooc_595427_411808,1,1,0.99074835,1
ooc_1123473_692466,1,1,0.9921544,1
ooc_320698_1606657,1,1,0.14880274,0
ooc_601225_1478497,1,1,0.97710985,1
ooc_463136_366057,1,1,0.99690527,1
ooc_174124_86911,1,1,0.9977017,1
ooc_1198692_143114,1,1,0.7393497,1
ooc_965389_1101073,1,1,0.99035245,1
ooc_750460_734328,1,1,0.9959787,1
ooc_1505146_535598,1,1,0.9867975,1
ooc_1019167_773552,1,1,0.98312366,1
ooc_139534_296901,1,1,0.98741513,1
ooc_326763_930192,1,1,0.9957569,1
ooc_288069_532701,1,1,0.99713045,1
ooc_336868_390865,1,1,0.9757032,1
ooc_1661099_484907,1,1,0.9725821,1
ooc_1179358_354826,1,1,0.99465644,1
ooc_407308_1576158,1,1,0.9305588,1
ooc_1019588_843756,1,1,0.9928799,1
ooc_471137_92241,1,1,0.9988146,1
ooc_1494513_1637228,1,1,0.9987343,1
ooc_259036_1284309,1,1,0.95594865,1
ooc_687027_449341,1,1,0.9921664,1
ooc_282219_178433,1,1,0.4759832,0
ooc_258531_878798,1,1,0.97601104,1
ooc_1664164_98482,1,1,0.9890854,1
ooc_593249_1583054,1,1,0.9696527,1
ooc_1596356_155069,1,1,0.98777986,1
ooc_884673_959437,1,1,0.8700662,1
ooc_1470067_1619891,1,1,0.9948999,1
ooc_879227_624603,1,1,0.98932004,1
ooc_67125_895605,1,1,0.71302044,1
ooc_1628936_358382,1,1,0.9497329,1
ooc_51985_809355,1,1,0.9877581,1
ooc_813279_1657647,1,1,0.9714957,1
ooc_569966_612043,1,1,0.8523094,1
ooc_434446_411226,1,1,0.99338186,1
ooc_1519785_386719,1,1,0.9980604,1
ooc_50717_196809,1,1,0.7259917,1
ooc_590898_355433,1,1,0.9914955,1
ooc_1187553_1599073,1,1,0.913839,1
ooc_768963_460370,1,1,0.99618065,1
ooc_830806_819197,1,1,0.9751951,1
ooc_660261_1216952,1,1,0.985743,1
ooc_55145_580377,1,1,0.983817,1
ooc_862955_499919,1,1,0.9962459,1
ooc_598055_167419,1,1,0.9332287,1
ooc_630815_456248,1,1,0.9966544,1
ooc_1653854_1168379,1,1,0.9970456,1
ooc_397933_627484,1,1,0.99498534,1
ooc_311515_1678805,1,1,0.99730444,1
ooc_1265738_944267,1,1,0.9819426,1
ooc_800169_234232,1,1,0.9760783,1
ooc_938413_1597199,1,1,0.4948163,0
ooc_933749_446974,1,1,0.9833492,1
ooc_1105083_311049,1,1,0.9683318,1
ooc_660354_1141412,1,1,0.985255,1
ooc_967811_599927,1,1,0.8373671,1
ooc_562810_308274,1,1,0.99404424,1
ooc_319294_43276,1,1,0.99875724,1
ooc_319692_1085611,1,1,0.9885882,1
ooc_370800_713667,1,1,0.6212957,1
ooc_1531251_329822,1,1,0.9952426,1
ooc_407475_226960,1,1,0.9977315,1
ooc_792422_94121,1,1,0.96867967,1
ooc_261283_80537,1,1,0.9060738,1
ooc_1577246_232196,1,1,0.99817145,1
ooc_508286_227735,1,1,0.99128574,1
ooc_621942_1084710,1,1,0.9977964,1
ooc_409709_307304,1,1,0.9931937,1
ooc_466149_1507647,1,1,0.9910404,1
ooc_47301_214463,1,1,0.85974383,1
ooc_467459_300876,1,1,0.99574834,1
ooc_1449875_891639,1,1,0.99749506,1
ooc_1566570_1601961,1,1,0.94022727,1
ooc_879575_867726,1,1,0.98927104,1
ooc_322170_890710,1,1,0.97985864,1
ooc_892581_717052,1,1,0.90971255,1
ooc_1246147_203561,1,1,0.99678814,1
ooc_1107589_52353,1,1,0.99017453,1
ooc_464132_1098144,1,1,0.99841225,1
ooc_78945_70627,1,1,0.9897602,1
ooc_358936_234257,1,1,0.98721576,1
ooc_1184773_1629684,1,1,0.98454094,1
ooc_766416_197619,1,1,0.9823631,1
ooc_1592360_564759,1,1,0.97704905,1
ooc_83151_115859,1,1,0.9550057,1
ooc_284627_375784,1,1,0.99397177,1
ooc_313202_112671,1,1,0.9948007,1
ooc_556741_826301,1,1,0.9949837,1
ooc_234078_62278,1,1,0.97239244,1
ooc_267921_739623,1,1,0.89833,1
ooc_628614_316934,1,1,0.9957883,1
ooc_1505038_280844,1,1,0.9766118,1
ooc_892568_1543570,1,1,0.9625921,1
ooc_722542_668244,1,1,0.9433308,1
ooc_1454314_802372,1,1,0.9735483,1
ooc_360410_1626612,1,1,0.957679,1
ooc_182148_389106,1,1,0.9970618,1
ooc_981338_444412,1,1,0.99342066,1
ooc_189313_1083764,1,1,0.9638493,1
ooc_730807_1028863,1,1,0.9648728,1
ooc_161432_1499519,1,1,0.8697296,1
ooc_1191023_952305,1,1,0.22058548,0
ooc_411844_689477,1,1,0.98750347,1
ooc_389769_845101,1,1,0.99779934,1
ooc_1201941_1226422,1,1,0.99210453,1
ooc_870330_227983,1,1,0.97182447,1
ooc_576690_258823,1,1,0.99764156,1
ooc_219938_168397,1,1,0.25221774,0
ooc_269074_291104,1,1,0.9103016,1
ooc_890991_1679203,1,1,0.9885211,1
ooc_373487_1181953,1,1,0.8155961,1
ooc_917396_1257058,1,1,0.9280953,1
ooc_633237_280669,1,1,0.9947444,1
ooc_1659826_1644615,1,1,0.9524326,1
ooc_539974_234365,1,1,0.9730822,1
ooc_419617_594625,1,1,0.9853477,1
ooc_1171309_883232,1,1,0.99870694,1
ooc_470569_130655,1,1,0.9849968,1
ooc_374910_112051,1,1,0.9875392,1
ooc_1673005_474537,1,1,0.98647296,1
ooc_978268_1148503,1,1,0.9895433,1
ooc_54349_1568611,1,1,0.9013356,1
ooc_94020_1117663,1,1,0.9908241,1
ooc_907191_67900,1,1,0.99848795,1
ooc_397187_482713,1,1,0.9808379,1
ooc_822007_139324,1,1,0.7724611,1
ooc_1518000_327261,1,1,0.9985318,1
ooc_443622_1066130,1,1,0.99589133,1
ooc_597233_75121,1,1,0.98937166,1
ooc_126073_1067276,1,1,0.97091067,1
ooc_214683_862662,1,1,0.99589866,1
ooc_1636468_997887,1,1,0.99759394,1
ooc_706390_200497,1,1,0.9946636,1
ooc_1486954_1092068,1,1,0.9643528,1
ooc_1016245_90785,1,1,0.99250776,1
ooc_1614699_1048469,1,1,0.9613727,1
ooc_1634038_865135,1,1,0.9493016,1
ooc_969592_736173,1,1,0.9937359,1
ooc_671104_219580,1,1,0.9966815,1
ooc_335044_501345,1,1,0.9894992,1
ooc_340918_848705,1,1,0.99150205,1
ooc_416656_626070,1,1,0.98496246,1
ooc_148423_354225,1,1,0.98915476,1
ooc_173076_155761,1,1,0.9778708,1
ooc_970189_791838,1,1,0.9988926,1
ooc_1101353_172457,1,1,0.9967354,1
ooc_181705_47166,1,1,0.993803,1
ooc_42644_1623851,1,1,0.06711967,0
ooc_328496_278357,1,1,0.91657,1
ooc_890791_629741,1,1,0.9742115,1
ooc_755759_408672,1,1,0.9954958,1
ooc_45330_1017619,1,1,0.99194795,1
ooc_933198_345113,1,1,0.9624728,1
ooc_54053_410444,1,1,0.9926393,1
ooc_414631_1605729,1,1,0.98158836,1
ooc_501578_458193,1,1,0.9876907,1
ooc_867274_112965,1,1,0.99545836,1
ooc_291764_963407,1,1,0.9956514,1
ooc_931265_985771,1,1,0.9983369,1
ooc_365080_263255,1,1,0.9805252,1
ooc_399611_1201751,1,1,0.9933477,1
ooc_422945_482334,1,1,0.9559643,1
ooc_534026_1007380,1,1,0.998063,1
ooc_775869_288189,1,1,0.98872095,1
ooc_1131084_594906,1,1,0.9836871,1
ooc_1107435_296745,1,1,0.23903151,0
ooc_960913_394276,1,1,0.8962101,1
ooc_51957_1670103,1,1,0.9613357,1
ooc_356233_1121759,1,1,0.97694325,1
ooc_987757_520024,1,1,0.9847515,1
ooc_621534_1191563,1,1,0.9977756,1
ooc_922525_1234091,1,1,0.99213517,1
ooc_607106_736087,1,1,0.98473954,1
ooc_667373_46285,1,1,0.9913628,1
ooc_622021_739059,1,1,0.9517214,1
ooc_117007_122647,1,1,0.9847595,1
ooc_751375_1670047,1,1,0.9942638,1
ooc_424774_660690,1,1,0.9881164,1
ooc_374308_230758,1,1,0.96836466,1
ooc_341046_486237,1,1,0.9912463,1
ooc_375542_518645,1,1,0.99432087,1
ooc_1616619_1026650,1,1,0.97873515,1
ooc_1258997_146801,1,1,0.9922774,1
ooc_184967_243289,1,1,0.99033266,1
ooc_954847_279662,1,1,0.9753244,1
ooc_97958_913684,1,1,0.5492886,1
ooc_1616230_174320,1,1,0.97825485,1
ooc_1045198_695907,1,1,0.9665136,1
ooc_649422_281987,1,1,0.99306583,1
ooc_674920_1049318,1,1,0.984083,1
ooc_662470_796706,1,1,0.062204335,0
ooc_703651_380515,1,1,0.99365366,1
ooc_672859_572866,1,1,0.8794365,1
ooc_1001398_175437,1,1,0.99798656,1
ooc_1068433_688250,1,1,0.9829249,1
ooc_279312_563623,1,1,0.95471174,1
ooc_504280_175222,1,1,0.99422354,1
ooc_381389_1508625,1,1,0.9533545,1
ooc_356586_141504,1,1,0.9970481,1
ooc_171404_743032,1,1,0.991672,1
ooc_1650520_141413,1,1,0.9979923,1
ooc_968039_258995,1,1,0.99604464,1
ooc_943890_1107409,1,1,0.9933647,1
ooc_1007064_617409,1,1,0.9950341,1
ooc_74300_1684846,1,1,0.9779213,1
ooc_1277499_884097,1,1,0.97582597,1
ooc_382565_245960,1,1,0.99218315,1
ooc_1019629_655772,1,1,0.9121113,1
ooc_1282120_960653,1,1,0.9864115,1
ooc_1062322_1561590,1,1,0.9781401,1
ooc_1625697_1010654,1,1,0.99183804,1
ooc_268460_310075,1,1,0.6537396,1
ooc_1525181_1525619,1,1,0.97965014,1
ooc_185521_617599,1,1,0.9896058,1
ooc_1087340_302768,1,1,0.9619866,1
ooc_114560_498364,1,1,0.9781365,1
ooc_728950_253092,1,1,0.9929898,1
ooc_321357_426022,1,1,0.9121316,1
ooc_55629_1542444,1,1,0.99019426,1
ooc_1148368_1665371,1,1,0.9854526,1
ooc_875919_86362,1,1,0.9939745,1
ooc_217388_40465,1,1,0.99307406,1
ooc_443391_1573866,1,1,0.9846274,1
ooc_446394_418381,1,1,0.9910613,1
ooc_69919_264884,1,1,0.84976953,1
ooc_143063_50775,1,1,0.99377126,1
ooc_906303_75068,1,1,0.9906955,1
ooc_344213_143487,1,1,0.97802424,1
ooc_236423_1057155,1,1,0.9947083,1
ooc_842897_895564,1,1,0.99143183,1
ooc_1560512_820308,1,1,0.95910513,1
ooc_135547_509417,1,1,0.9863348,1
ooc_1586640_39323,1,1,0.99234664,1
ooc_40589_968609,1,1,0.996201,1
ooc_590116_638992,1,1,0.99399406,1
ooc_842718_936074,1,1,0.9458313,1
ooc_704971_1062753,1,1,0.92678386,1
ooc_1657145_450963,1,1,0.99531025,1
ooc_999892_876229,1,1,0.58367527,1
ooc_1201151_1572078,1,1,0.52508783,1
ooc_1214190_354530,1,1,0.9959431,1
ooc_1188356_880206,1,1,0.95410514,1
ooc_833121_847926,1,1,0.9945269,1
ooc_803761_1118823,1,1,0.96726716,1
ooc_62267_254117,1,1,0.36256292,0
ooc_182327_67575,1,1,0.9783377,1
ooc_103918_153757,1,1,0.9644962,1
ooc_709377_1596022,1,1,0.9906657,1
ooc_389054_247394,1,1,0.9858555,1
ooc_1233617_754241,1,1,0.9907115,1
ooc_1535975_684042,1,1,0.7640685,1
ooc_1148807_842347,1,1,0.9982322,1
ooc_1446442_485312,1,1,0.7228923,1
ooc_1604801_115983,1,1,0.99196166,1
ooc_420270_181125,1,1,0.9970566,1
ooc_112145_1445426,1,1,0.68203646,1
ooc_416075_626070,1,1,0.99640214,1
ooc_429842_1283521,1,1,0.79009086,1
ooc_108535_1098716,1,1,0.971857,1
ooc_341122_385838,1,1,0.9841591,1
ooc_236097_713295,1,1,0.9905166,1
ooc_485284_283130,1,1,0.9984023,1
ooc_85426_155925,1,1,0.9888827,1
ooc_409855_1448639,1,1,0.365457,0
ooc_1021617_559071,1,1,0.9979424,1
ooc_300366_1104868,1,1,0.98972285,1
ooc_379271_1673858,1,1,0.98787326,1
ooc_999829_557643,1,1,0.47102678,0
ooc_1005859_614359,1,1,0.9798213,1
ooc_1631982_486966,1,1,0.9889352,1
ooc_327766_555207,1,1,0.98548836,1
ooc_432458_1574781,1,1,0.93508404,1
ooc_380532_501983,1,1,0.98557764,1
ooc_1112433_1125438,1,1,0.8413585,1
ooc_511473_65442,1,1,0.97756743,1
ooc_942404_1173371,1,1,0.98585725,1
ooc_242468_752486,1,1,0.9940526,1
ooc_1538286_620914,1,1,0.9522328,1
ooc_858782_60797,1,1,0.9954904,1
ooc_94315_87534,1,1,0.99518305,1
ooc_200139_1191023,1,1,0.9930507,1
ooc_212829_1037980,1,1,0.97655606,1
ooc_1650574_1225572,1,1,0.9941162,1
ooc_972681_281794,1,1,0.2661549,0
ooc_147101_410474,1,1,0.98103195,1
ooc_1268668_632842,1,1,0.8035329,1
ooc_631818_819252,1,1,0.93209213,1
ooc_836072_507536,1,1,0.9794763,1
ooc_218183_1080817,1,1,0.9515444,1
ooc_1627408_1075708,1,1,0.99235743,1
ooc_125367_289265,1,1,0.9921821,1
ooc_142688_1121105,1,1,0.8714923,1
ooc_861253_1120953,1,1,0.9963889,1
ooc_689669_261913,1,1,0.9957411,1
ooc_1047975_69878,1,1,0.9939355,1
ooc_519604_65593,1,1,0.9977843,1
ooc_272069_338191,1,1,0.7353605,1
ooc_636244_341481,1,1,0.99151057,1
ooc_227687_143114,1,1,0.9936899,1
ooc_248669_1549621,1,1,0.92706543,1
ooc_603202_374308,1,1,0.94156015,1
ooc_742496_264979,1,1,0.98522806,1
ooc_935944_1180637,1,1,0.993258,1
ooc_423288_1027194,1,1,0.9860552,1
ooc_137469_746604,1,1,0.99292725,1
ooc_412632_258172,1,1,0.99704933,1
ooc_677469_1590395,1,1,0.96373135,1
ooc_1574174_416649,1,1,0.99440444,1
ooc_269959_653426,1,1,0.9901254,1
ooc_674407_711587,1,1,0.98476875,1
ooc_962829_1593314,1,1,0.98309773,1
ooc_868979_248798,1,1,0.9934441,1
ooc_550182_312603,1,1,0.91287935,1
ooc_451116_592077,1,1,0.9952766,1
ooc_376282_279280,1,1,0.9768769,1
ooc_268384_106016,1,1,0.91470724,1
ooc_905142_821718,1,1,0.97799414,1
ooc_754405_950181,1,1,0.99007154,1
ooc_205859_667406,1,1,0.98522794,1
ooc_1160178_199583,1,1,0.98872185,1
ooc_1236304_365458,1,1,0.98195964,1
ooc_308471_112943,1,1,0.9961843,1
ooc_1142972_95464,1,1,0.9563453,1
ooc_1677705_50973,1,1,0.9908913,1
ooc_1246920_280241,1,1,0.9700768,1
ooc_1126754_505938,1,1,0.098267525,0
ooc_165249_568061,1,1,0.9943506,1
ooc_83242_1622040,1,1,0.97699076,1
ooc_170064_1167432,1,1,0.9883024,1
ooc_956409_280432,1,1,0.9974043,1
ooc_1646897_692173,1,1,0.99385685,1
ooc_374305_1011183,1,1,0.99096584,1
ooc_107102_375944,1,1,0.9924413,1
ooc_1628793_693348,1,1,0.992328,1
ooc_227274_240325,1,1,0.9955853,1
ooc_195719_1585932,1,1,0.96264654,1
ooc_883323_469813,1,1,0.9248498,1
ooc_419668_1044896,1,1,0.99226964,1
ooc_184924_1520314,1,1,0.9058736,1
ooc_385435_955153,1,1,0.9935673,1
ooc_1510080_1581640,1,1,0.7911841,1
ooc_214823_451063,1,1,0.99382365,1
ooc_713467_311888,1,1,0.9792443,1
ooc_1576020_374602,1,1,0.9975666,1
ooc_1094069_686390,1,1,0.8532638,1
ooc_627151_115594,1,1,0.97749704,1
ooc_1268832_457890,1,1,0.97847486,1
ooc_847004_912526,1,1,0.99697804,1
ooc_1632854_350638,1,1,0.99723864,1
ooc_1613623_1083231,1,1,0.990442,1
ooc_1226030_457444,1,1,0.9755377,1
ooc_441511_1216966,1,1,0.99682546,1
ooc_349333_329436,1,1,0.9985077,1
ooc_643606_585277,1,1,0.48193368,0
ooc_362256_85506,1,1,0.9637214,1
ooc_1532784_368554,1,1,0.9953631,1
ooc_390374_1196859,1,1,0.6919113,1
ooc_793998_477454,1,1,0.99686205,1
ooc_350036_922280,1,1,0.9853955,1
ooc_651905_522833,1,1,0.9889164,1
ooc_1033479_100540,1,1,0.8834925,1
ooc_832144_746916,1,1,0.9894571,1
ooc_418680_174279,1,1,0.9767749,1
ooc_664397_424199,1,1,0.99444747,1
ooc_1575342_153580,1,1,0.991712,1
ooc_949533_336733,1,1,0.9937736,1
ooc_1567449_197544,1,1,0.9971221,1
ooc_409135_411081,1,1,0.9893964,1
ooc_962923_725493,1,1,0.94646794,1
ooc_316011_1018543,1,1,0.99689746,1
ooc_480076_155636,1,1,0.99559265,1
ooc_1093010_566734,1,1,0.9888915,1
ooc_1666283_1650785,1,1,0.7822366,1
ooc_158340_565727,1,1,0.99849653,1
ooc_177656_1267296,1,1,0.86520725,1
ooc_1645426_236343,1,1,0.35297918,0
ooc_139470_1585932,1,1,0.9396301,1
ooc_1677607_476338,1,1,0.3999057,0
ooc_961370_582848,1,1,0.9598311,1
ooc_333268_92883,1,1,0.9861941,1
ooc_1218391_1203871,1,1,0.9895279,1
ooc_178315_189231,1,1,0.99762267,1
ooc_720729_1184190,1,1,0.9939943,1
ooc_1149253_171244,1,1,0.9977418,1
ooc_1674021_848252,1,1,0.9348705,1
ooc_257010_145636,1,1,0.9958639,1
ooc_1540103_82517,1,1,0.9921028,1
dgm4_1177938,4,0,0.14026281,0
dgm4_323304,4,0,0.011207616,0
dgm4_188163,4,0,0.0016235274,0
dgm4_1096924,4,0,7.9032834e-05,0
dgm4_676399,4,0,0.005467047,0
dgm4_979490,4,0,0.0019392633,0
dgm4_1109219,4,0,0.0065246564,0
dgm4_528423,4,0,0.0030898696,0
dgm4_1535360,4,0,0.0014014635,0
dgm4_905584,4,0,0.00011718599,0
dgm4_607987,4,0,1.0221384e-05,0
dgm4_1240281,4,0,0.00012127793,0
dgm4_1268990,4,0,0.002095099,0
dgm4_763458,4,0,0.025619995,0
dgm4_619397,4,0,0.11958407,0
dgm4_660008,4,0,0.00039901695,0
dgm4_872127,4,0,0.020638667,0
dgm4_1238812,4,0,0.15658627,0
dgm4_162579,4,0,0.0021608265,0
dgm4_712755,4,0,0.0521061,0
dgm4_148997,4,0,0.009987341,0
dgm4_302190,4,0,0.0015152358,0
dgm4_1061693,4,0,0.008331155,0
dgm4_1681215,4,0,0.0033828989,0
dgm4_290633,4,0,0.0010518789,0
dgm4_672839,4,0,0.003946342,0
dgm4_1109252,4,0,0.0010076857,0
dgm4_902658,4,0,0.004828216,0
dgm4_768348,4,0,0.008731035,0
dgm4_1250124,4,0,0.0006077248,0
dgm4_1675074,4,0,0.005081765,0
dgm4_192983,4,0,0.00042346772,0
dgm4_143047,4,0,0.0053702854,0
dgm4_1583483,4,0,0.008465284,0
dgm4_906696,4,0,0.033513606,0
dgm4_1524417,4,0,0.003756279,0
dgm4_1577034,4,0,0.120876186,0
dgm4_741774,4,0,0.04159228,0
dgm4_1683058,4,0,0.05077863,0
dgm4_412745,4,0,0.0027604601,0
dgm4_409568,4,0,0.00054587336,0
dgm4_649239,4,0,0.0010900181,0
dgm4_1006352,4,0,0.8380371,1
dgm4_960446,4,0,0.014404591,0
dgm4_54192,4,0,0.0020148973,0
dgm4_701945,4,0,0.039979305,0
dgm4_75666,4,0,0.00038992078,0
dgm4_132600,4,0,0.027025012,0
dgm4_391369,4,0,0.00026292502,0
dgm4_1148185,4,0,0.00015738657,0
dgm4_742833,4,0,0.0086529795,0
dgm4_72708,4,0,0.0014230249,0
dgm4_709946,4,0,0.031226972,0
dgm4_1456690,4,0,0.0028664635,0
dgm4_40723,4,0,0.0016639084,0
dgm4_436123,4,0,0.0004487791,0
dgm4_1547147,4,0,0.0013475629,0
dgm4_559316,4,0,0.92679197,1
dgm4_1198652,4,0,0.0040474334,0
dgm4_1536912,4,0,0.015548486,0
dgm4_670303,4,0,0.0022285178,0
dgm4_1257795,4,0,0.2128594,0
dgm4_527549,4,0,0.0003967223,0
dgm4_1236961,4,0,3.1067673e-05,0
dgm4_171718,4,0,0.0004829846,0
dgm4_1471984,4,0,0.0026286056,0
dgm4_1068461,4,0,0.0030383018,0
dgm4_219639,4,0,0.012932106,0
dgm4_296272,4,0,0.04969751,0
dgm4_1582331,4,0,0.031087164,0
dgm4_80403,4,0,0.0007561229,0
dgm4_561473,4,0,0.00052518444,0
dgm4_394426,4,0,0.0018839138,0
dgm4_152837,4,0,0.00020910685,0
dgm4_302703,4,0,0.018110782,0
dgm4_73609,4,0,3.1759664e-05,0
dgm4_913705,4,0,0.00033497214,0
dgm4_298747,4,0,0.0001076648,0
dgm4_1468580,4,0,0.0002864783,0
dgm4_1029679,4,0,0.030192656,0
dgm4_1590171,4,0,0.002943424,0
dgm4_1460453,4,0,0.0042057172,0
dgm4_283040,4,0,0.0003145912,0
dgm4_367423,4,0,0.013838904,0
dgm4_227924,4,0,0.0017914011,0
dgm4_869462,4,0,0.00028579627,0
dgm4_837066,4,0,0.019218039,0
dgm4_939464,4,0,0.00032652635,0
dgm4_309469,4,0,8.5590924e-05,0
dgm4_153361,4,0,0.0052525066,0
dgm4_930960,4,0,0.021199143,0
dgm4_1016611,4,0,0.0314994,0
dgm4_1498774,4,0,0.18553348,0
dgm4_231645,4,0,0.00477336,0
dgm4_1281116,4,0,0.004045577,0
dgm4_1608529,4,0,0.0006169307,0
dgm4_1168722,4,0,0.0015447057,0
dgm4_314776,4,0,0.24363793,0
dgm4_285890,4,0,0.0031759508,0
dgm4_738708,4,0,0.008261231,0
dgm4_556980,4,0,0.019390747,0
dgm4_993574,4,0,0.0008329675,0
dgm4_1112776,4,0,0.0063761435,0
dgm4_304374,4,0,0.6205853,1
dgm4_96569,4,0,0.00041658184,0
dgm4_1018899,4,0,0.004944984,0
dgm4_979711,4,0,0.00016161498,0
dgm4_815007,4,0,0.07632444,0
dgm4_62651,4,0,0.022441575,0
dgm4_61381,4,0,0.028948262,0
dgm4_519099,4,0,0.03890697,0
dgm4_880999,4,0,0.0006939601,0
dgm4_82473,4,0,0.015199852,0
dgm4_1563321,4,0,0.009346402,0
dgm4_937005,4,0,0.0006486124,0
dgm4_93138,4,0,0.009515279,0
dgm4_1492255,4,0,0.00025509007,0
dgm4_434710,4,0,0.0006071733,0
dgm4_1149657,4,0,0.03439556,0
dgm4_213977,4,0,0.0011081551,0
dgm4_1143665,4,0,0.0160742,0
dgm4_747275,4,0,0.24314547,0
dgm4_718261,4,0,0.0007688635,0
dgm4_327621,4,0,0.00042793746,0
dgm4_819794,4,0,0.012223127,0
dgm4_1523521,4,0,0.0021933925,0
dgm4_414316,4,0,0.0004519627,0
dgm4_959847,4,0,0.00073437544,0
dgm4_124442,4,0,0.017723404,0
dgm4_312554,4,0,0.0015388032,0
dgm4_248948,4,0,0.5670273,1
dgm4_1095079,4,0,0.5164387,1
dgm4_447518,4,0,0.0063325246,0
dgm4_665070,4,0,0.0011876741,0
dgm4_1126734,4,0,0.0005268377,0
dgm4_953290,4,0,0.22479151,0
dgm4_307272,4,0,0.00235981,0
dgm4_80713,4,0,0.927572,1
dgm4_1079464,4,0,0.000452467,0
dgm4_219404,4,0,0.0077982144,0
dgm4_352609,4,0,0.0018518213,0
dgm4_660388,4,0,0.1279856,0
dgm4_254253,4,0,0.0006468494,0
dgm4_324524,4,0,0.00034132804,0
dgm4_105780,4,0,0.037229292,0
dgm4_798850,4,0,0.007362636,0
dgm4_293761,4,0,0.030418597,0
dgm4_1615084,4,0,0.00031313545,0
dgm4_986088,4,0,8.7355766e-05,0
dgm4_452465,4,0,0.0027957787,0
dgm4_102776,4,0,0.0005562174,0
dgm4_58631,4,0,0.0007373646,0
dgm4_523204,4,0,0.0053749434,0
dgm4_698053,4,0,0.6412389,1
dgm4_1052600,4,0,0.063843235,0
dgm4_506845,4,0,0.0019115682,0
dgm4_483176,4,0,0.00022996758,0
dgm4_275107,4,0,0.65805984,1
dgm4_560491,4,0,0.15654062,0
dgm4_735299,4,0,0.01836539,0
dgm4_1059552,4,0,0.005297983,0
dgm4_1220786,4,0,2.5812207e-05,0
dgm4_1635770,4,0,0.0011509603,0
dgm4_1060625,4,0,0.00595509,0
dgm4_153630,4,0,0.0073411167,0
dgm4_1251039,4,0,0.0018465116,0
dgm4_732624,4,0,0.0006292771,0
dgm4_534771,4,0,0.0022755545,0
dgm4_495949,4,0,0.004911363,0
dgm4_283408,4,0,0.014616322,0
dgm4_1570040,4,0,0.041092295,0
dgm4_1185305,4,0,0.010547662,0
dgm4_307543,4,0,0.0019931071,0
dgm4_1156456,4,0,0.0344594,0
dgm4_1203754,4,0,0.00068990036,0
dgm4_729017,4,0,0.00015135262,0
dgm4_268163,4,0,0.06804586,0
dgm4_911167,4,0,0.00024620796,0
dgm4_1084065,4,0,0.018812673,0
dgm4_273422,4,0,0.009700662,0
dgm4_705685,4,0,0.00052641635,0
dgm4_994001,4,0,0.021990176,0
dgm4_983046,4,0,0.00053941796,0
dgm4_1607991,4,0,0.00076124276,0
dgm4_546022,4,0,0.0030420364,0
dgm4_40486,4,0,0.0008881404,0
dgm4_256985,4,0,0.018290168,0
dgm4_236569,4,0,0.20215434,0
dgm4_663301,4,0,0.0038838473,0
dgm4_538447,4,0,0.00049749506,0
dgm4_1616277,4,0,0.5104367,1
dgm4_984286,4,0,0.24645881,0
dgm4_1103218,4,0,0.005824792,0
dgm4_1570212,4,0,0.011027749,0
dgm4_1661246,4,0,0.19639991,0
dgm4_738809,4,0,0.0064518335,0
dgm4_1536047,4,0,0.084193215,0
dgm4_243249,4,0,0.012914994,0
dgm4_310934,4,0,0.4512771,0
dgm4_1076852,4,0,0.060275003,0
dgm4_994203,4,0,0.0007124901,0
dgm4_232393,4,0,0.0023900943,0
dgm4_360866,4,0,0.023637682,0
dgm4_893893,4,0,0.03838567,0
dgm4_1216692,4,0,0.0076936334,0
dgm4_790538,4,0,0.00094633247,0
dgm4_1257400,4,0,0.0064068134,0
dgm4_1135868,4,0,0.00018098511,0
dgm4_46245,4,0,0.001316493,0
dgm4_84538,4,0,0.00023004807,0
dgm4_837064,4,0,2.3924169e-05,0
dgm4_291098,4,0,7.0334914e-05,0
dgm4_1029953,4,0,0.0011911273,0
dgm4_951186,4,0,0.006580467,0
dgm4_715307,4,0,0.0017504025,0
dgm4_1577007,4,0,0.0054511046,0
dgm4_231135,4,0,0.00017381026,0
dgm4_1195100,4,0,0.000556881,0
dgm4_534684,4,0,0.0028192499,0
dgm4_1597688,4,0,0.0010256598,0
dgm4_339797,4,0,0.013437942,0
dgm4_1103788,4,0,0.008316502,0
dgm4_165180,4,0,0.0003481992,0
dgm4_1629190,4,0,0.017103706,0
dgm4_1451621,4,0,0.0020587211,0
dgm4_1089035,4,0,0.0018815544,0
dgm4_921517,4,0,0.0042206934,0
dgm4_772889,4,0,0.0013709663,0
dgm4_482333,4,0,0.0011463286,0
dgm4_433378,4,0,0.00055814977,0
dgm4_279296,4,0,0.0030431976,0
dgm4_1605792,4,0,0.0011563991,0
dgm4_246781,4,0,0.00039242188,0
dgm4_1063191,4,0,0.0004139578,0
dgm4_421421,4,0,0.0027537502,0
dgm4_270196,4,0,0.000112858696,0
dgm4_1086562,4,0,0.00052341534,0
dgm4_1467791,4,0,0.0004373617,0
dgm4_862591,4,0,0.00047199722,0
dgm4_1589578,4,0,0.00536807,0
dgm4_1149624,4,0,0.14862943,0
dgm4_1102586,4,0,0.0032146869,0
dgm4_944947,4,0,0.0015662547,0
dgm4_479211,4,0,0.007669927,0
dgm4_807294,4,0,0.0002037902,0
dgm4_162859,4,0,0.00063783105,0
dgm4_1569953,4,0,0.0031824952,0
dgm4_1672421,4,0,0.0024833193,0
dgm4_1463340,4,0,0.0069350014,0
dgm4_515617,4,0,0.00031160115,0
dgm4_1216647,4,0,4.1440657e-05,0
dgm4_752320,4,0,0.0004632971,0
dgm4_1171503,4,0,0.031954918,0
dgm4_1596291,4,0,0.0002460282,0
dgm4_939121,4,0,0.013651234,0
dgm4_1650647,4,0,0.002489262,0
dgm4_834144,4,0,0.00017858772,0
dgm4_1273822,4,0,0.009365405,0
dgm4_421661,4,0,0.04625257,0
dgm4_1070689,4,0,2.8506249e-05,0
dgm4_205419,4,0,0.21856491,0
dgm4_664079,4,0,0.004282208,0
dgm4_611251,4,0,0.0017100996,0
dgm4_158513,4,0,0.0045266654,0
dgm4_93724,4,0,0.0015687064,0
dgm4_492093,4,0,7.521872e-05,0
dgm4_366288,4,0,5.2791038e-05,0
dgm4_164738,4,0,0.0006629343,0
dgm4_136963,4,0,0.0002636022,0
dgm4_1453547,4,0,0.0017202916,0
dgm4_1602456,4,0,0.0009307049,0
dgm4_1054177,4,0,0.000348124,0
dgm4_1543361,4,0,0.0001518017,0
dgm4_1091189,4,0,0.008137845,0
dgm4_45561,4,0,2.373641e-05,0
dgm4_69391,4,0,0.0008324132,0
dgm4_990342,4,0,0.0004967132,0
dgm4_899201,4,0,0.0031212128,0
dgm4_1638953,4,0,0.000868798,0
dgm4_1475777,4,0,0.0016629836,0
dgm4_1045483,4,0,0.002571894,0
dgm4_114207,4,0,0.0014735087,0
dgm4_99632,4,0,0.00081549847,0
dgm4_516229,4,0,0.0014044804,0
dgm4_468086,4,0,0.00011584807,0
dgm4_1491465,4,0,0.00058617594,0
dgm4_1491973,4,0,0.0003972178,0
dgm4_1477282,4,0,0.016297363,0
dgm4_495442,4,0,0.00021524329,0
dgm4_1588696,4,0,0.00040722493,0
dgm4_1121809,4,0,0.0016696966,0
dgm4_151583,4,0,0.00438186,0
dgm4_703949,4,0,0.00011038821,0
dgm4_1511015,4,0,0.013836196,0
dgm4_1096918,4,0,0.0019883143,0
dgm4_783588,4,0,0.0018283215,0
dgm4_1252097,4,0,0.0008077411,0
dgm4_1270236,4,0,0.00034720922,0
dgm4_1541734,4,0,0.0002733774,0
dgm4_1666722,4,0,0.0001426039,0
dgm4_647818,4,0,5.1688476e-05,0
dgm4_1029360,4,0,0.0013294986,0
dgm4_1104229,4,0,0.0039952504,0
dgm4_507982,4,0,0.0029001005,0
dgm4_1016567,4,0,0.00036456034,0
dgm4_658075,4,0,3.4626097e-05,0
dgm4_1455079,4,0,0.0016157118,0
dgm4_468212,4,0,8.453304e-05,0
dgm4_388332,4,0,0.012415071,0
dgm4_600395,4,0,0.019959275,0
dgm4_465324,4,0,0.0041021453,0
dgm4_1145276,4,0,0.0004123043,0
dgm4_1172869,4,0,9.8366276e-05,0
dgm4_1682208,4,0,0.00040233505,0
dgm4_1545009,4,0,0.0013106344,0
dgm4_585369,4,0,0.011417865,0
dgm4_1013125,4,0,7.028268e-05,0
dgm4_874072,4,0,5.354476e-05,0
dgm4_1508805,4,0,0.00015590058,0
dgm4_150460,4,0,0.0003835279,0
dgm4_666922,4,0,0.0031097888,0
dgm4_911064,4,0,0.008220755,0
dgm4_1542597,4,0,0.0039193947,0
dgm4_660329,4,0,0.0058806087,0
dgm4_782620,4,0,0.000303015,0
dgm4_1678219,4,0,0.0004957077,0
dgm4_1520464,4,0,0.012320929,0
dgm4_1506153,4,0,0.009027183,0
dgm4_1629026,4,0,0.013283665,0
dgm4_465735,4,0,0.00083949143,0
dgm4_199829,4,0,0.00052945974,0
dgm4_1515002,4,0,2.9098004e-05,0
dgm4_789567,4,0,0.0065139555,0
dgm4_865029,4,0,0.00018871647,0
dgm4_558337,4,0,2.3146407e-05,0
dgm4_1072917,4,0,0.0003425231,0
dgm4_1553016,4,0,0.01662808,0
dgm4_155863,4,0,0.00057904655,0
dgm4_577974,4,0,0.0009495255,0
dgm4_1066004,4,0,0.0027000676,0
dgm4_1499217,4,0,0.0016523965,0
dgm4_1589362,4,0,0.0004468232,0
dgm4_1503006,4,0,3.4451197e-05,0
dgm4_1608349,4,0,0.008041141,0
dgm4_288784,4,0,0.0029824886,0
dgm4_1654817,4,0,0.0001751148,0
dgm4_406872,4,0,0.003736902,0
dgm4_384580,4,0,0.018997537,0
dgm4_75266,4,0,0.0041173426,0
dgm4_150589,4,0,0.0047993464,0
dgm4_546772,4,0,0.034925386,0
dgm4_1640797,4,0,0.0015614696,0
dgm4_1503530,4,0,0.0013422485,0
dgm4_1021282,4,0,0.00046344855,0
dgm4_1237277,4,0,0.0006189381,0
dgm4_923121,4,0,0.0011202173,0
dgm4_361785,4,0,5.588242e-05,0
dgm4_325682,4,0,0.00024104863,0
dgm4_1508713,4,0,0.0026320594,0
dgm4_1567858,4,0,0.020400757,0
dgm4_899898,4,0,0.009799813,0
dgm4_71670,4,0,0.0008358322,0
dgm4_554279,4,0,0.00027372452,0
dgm4_1545165,4,0,0.021560663,0
dgm4_1670339,4,0,0.000572411,0
dgm4_1034905,4,0,0.01578131,0
dgm4_1112144,4,0,0.012708718,0
dgm4_1593253,4,0,0.00010411946,0
dgm4_1582294,4,0,0.016370682,0
dgm4_1552557,4,0,0.0036081462,0
dgm4_1589642,4,0,0.00011282641,0
dgm4_476510,4,0,0.0027689792,0
dgm4_1135023,4,0,0.0002206503,0
dgm4_586997,4,0,0.00757323,0
dgm4_1492674,4,0,0.00032667952,0
dgm4_534362,4,0,0.00017425399,0
dgm4_1478110,4,0,0.0029182697,0
dgm4_535001,4,0,7.5240816e-05,0
dgm4_67798,4,0,0.0004411999,0
dgm4_1595353,4,0,0.0011824116,0
dgm4_344340,4,0,0.0009055707,0
dgm4_766465,4,0,0.0007826564,0
dgm4_420930,4,0,0.0007075347,0
dgm4_40954,4,0,0.15109405,0
dgm4_1063253,4,0,0.0028246387,0
dgm4_203924,4,0,0.0015161147,0
dgm4_1601810,4,0,0.00010263666,0
dgm4_1672687,4,0,0.0067733717,0
dgm4_887361,4,0,4.8775248e-05,0
dgm4_1492255,4,0,3.209816e-05,0
dgm4_722189,4,0,0.00017585419,0
dgm4_566031,4,0,0.0011696066,0
dgm4_82394,4,0,0.00025684916,0
dgm4_1460055,4,0,0.0045351563,0
dgm4_971058,4,0,0.004346575,0
dgm4_414153,4,0,0.02038522,0
dgm4_838473,4,0,0.014270734,0
dgm4_951900,4,0,0.00012020282,0
dgm4_159889,4,0,0.0012182699,0
dgm4_342625,4,0,0.0035395692,0
dgm4_304225,4,0,0.0020152635,0
dgm4_63902,4,0,0.0016188134,0
dgm4_569172,4,0,0.003959123,0
dgm4_1480564,4,0,0.0142431855,0
dgm4_852533,4,0,0.0052606002,0
dgm4_1664258,4,0,0.0115418555,0
dgm4_285976,4,0,0.0027567453,0
dgm4_1216701,4,0,0.0009242679,0
dgm4_737405,4,0,0.02186463,0
dgm4_1615971,4,0,0.0030411948,0
dgm4_1586891,4,0,0.011194064,0
dgm4_1121847,4,0,0.00051956257,0
dgm4_1656751,4,0,0.012888936,0
dgm4_1535481,4,0,0.005213402,0
dgm4_355014,4,0,0.0027986837,0
dgm4_307117,4,0,0.00049816153,0
dgm4_42531,4,0,0.045305595,0
nc_896794,4,0,0.084818706,0
nc_1642733,4,0,0.0025780797,0
dgm4_982042,4,0,0.00029955266,0
nc_1167598,4,0,0.90081245,1
dgm4_1252055,4,0,0.0005188247,0
dgm4_826307,4,0,0.0022399598,0
dgm4_848166,4,0,0.0023628923,0
nc_562349,4,0,0.36990628,0
nc_616409,4,0,0.0071418723,0
dgm4_1468677,4,0,0.014542048,0
dgm4_89816,4,0,0.0011124283,0
dgm4_1557736,4,0,0.0011655738,0
nc_192449,4,0,0.4300433,0
dgm4_987378,4,0,0.0036945078,0
dgm4_1663262,4,0,6.814306e-05,0
dgm4_251856,4,0,0.0025799065,0
dgm4_151164,4,0,0.0010730327,0
dgm4_1585223,4,0,0.00036696508,0
dgm4_863833,4,0,0.04144734,0
dgm4_1196394,4,0,0.00068900094,0
dgm4_204345,4,0,0.046748005,0
dgm4_550748,4,0,0.0026211778,0
dgm4_504301,4,0,0.0009639279,0
nc_578587,4,0,0.14382112,0
nc_1212682,4,0,0.14403066,0
dgm4_745474,4,0,0.005203959,0
dgm4_794204,4,0,0.0014288565,0
dgm4_822362,4,0,0.006702079,0
dgm4_42818,4,0,0.0027791231,0
nc_337178,4,0,0.05497064,0
nc_794354,4,0,0.012270836,0
dgm4_1587165,4,0,0.002430891,0
nc_580895,4,0,0.0008985008,0
nc_944920,4,0,0.92381614,1
nc_230170,4,0,0.024093114,0
dgm4_191121,4,0,0.0020546047,0
nc_946298,4,0,0.7545547,1
nc_834352,4,0,0.88674945,1
dgm4_57326,4,0,0.03607027,0
dgm4_1176610,4,0,0.00017892728,0
dgm4_904405,4,0,0.0016613156,0
dgm4_309936,4,0,0.00037375482,0
dgm4_1236813,4,0,0.00015934464,0
nc_939802,4,0,0.010741357,0
nc_808151,4,0,0.20217949,0
dgm4_1547325,4,0,0.002953854,0
dgm4_1537044,4,0,0.0063786814,0
dgm4_119002,4,0,0.0010764423,0
dgm4_729714,4,0,0.0006293862,0
nc_745497,4,0,0.10122562,0
dgm4_1540244,4,0,0.0003886531,0
nc_303664,4,0,0.6707054,1
dgm4_1659893,4,0,0.00052319985,0
nc_584656,4,0,0.31724906,0
dgm4_1642633,4,0,0.003769281,0
dgm4_1479032,4,0,0.00045796504,0
nc_58333,4,0,0.0008897403,0
dgm4_507718,4,0,0.0002628428,0
dgm4_1570652,4,0,0.00057191035,0
dgm4_986101,4,0,0.0025269506,0
nc_139536,4,0,0.2966501,0
dgm4_1169400,4,0,0.002142986,0
dgm4_959788,4,0,0.0035037347,0
nc_355510,4,0,0.92606163,1
dgm4_224021,4,0,0.004839497,0
dgm4_1471667,4,0,5.7125017e-05,0
dgm4_866500,4,0,0.022970723,0
dgm4_509820,4,0,6.201128e-05,0
dgm4_1156607,4,0,0.0016608345,0
dgm4_1229437,4,0,9.2614166e-05,0
dgm4_882691,4,0,0.0009842302,0
dgm4_176293,4,0,0.015115756,0
dgm4_687321,4,0,0.0002475848,0
dgm4_1482465,4,0,0.00016467478,0
nc_624664,4,0,0.13611457,0
dgm4_127284,4,0,0.0043767127,0
dgm4_525172,4,0,0.00012199379,0
dgm4_1174171,4,0,0.0017924672,0
nc_1057539,4,0,0.07343703,0
nc_912631,4,0,0.8199952,1
nc_353789,4,0,0.9694635,1
dgm4_1276758,4,0,0.0040746513,0
nc_1046174,4,0,0.036686447,0
dgm4_927091,4,0,0.0013360196,0
dgm4_467191,4,0,0.00035648074,0
nc_186510,4,0,0.54085684,1
dgm4_1678958,4,0,4.9188584e-05,0
dgm4_835238,4,0,0.001001456,0
dgm4_1117118,4,0,4.502673e-05,0
nc_1235976,4,0,0.0016168369,0
dgm4_437665,4,0,0.0013048975,0
nc_752770,4,0,0.043791823,0
dgm4_419198,4,0,0.0008204991,0
nc_44079,4,0,0.004893375,0
nc_220355,4,0,0.9532457,1
dgm4_1016710,4,0,0.00019071059,0
nc_177779,4,0,0.035969604,0
dgm4_263771,4,0,0.00854049,0
nc_1549579,4,0,0.7014258,1
nc_1447637,4,0,0.57756495,1
dgm4_351641,4,0,0.006513511,0
dgm4_1013229,4,0,0.00057135354,0
dgm4_653120,4,0,9.7731056e-05,0
dgm4_1002737,4,0,0.0011927333,0
dgm4_1266304,4,0,4.1682153e-05,0
nc_1622616,4,0,0.88838583,1
dgm4_210341,4,0,0.00053849764,0
nc_327045,4,0,0.011591116,0
nc_482390,4,0,0.019599099,0
nc_1104658,4,0,0.006582256,0
nc_101806,4,0,0.121574044,0
nc_1259397,4,0,0.00432637,0
dgm4_1568644,4,0,0.0002498704,0
nc_386456,4,0,0.15698652,0
dgm4_1140425,4,0,0.0005709795,0
dgm4_1654418,4,0,0.040611938,0
dgm4_1111941,4,0,0.0025239666,0
nc_391019,4,0,0.061932944,0
dgm4_1079466,4,0,0.020742474,0
dgm4_812484,4,0,0.00019483358,0
dgm4_1123319,4,0,0.06354355,0
dgm4_895144,4,0,0.0012917356,0
dgm4_1618617,4,0,0.024607895,0
dgm4_1101360,4,0,0.010538861,0
dgm4_921317,4,0,0.0024060109,0
nc_962379,4,0,0.8831322,1
dgm4_411785,4,0,0.007587119,0
dgm4_1628108,4,0,0.00034455644,0
dgm4_404542,4,0,0.0003670235,0
dgm4_857939,4,0,0.0001207257,0
dgm4_477933,4,0,0.011739924,0
nc_1109170,4,0,0.010421647,0
nc_1640014,4,0,0.24606276,0
dgm4_82791,4,0,0.02194687,0
dgm4_1061808,4,0,0.0044070827,0
nc_79615,4,0,0.013977401,0
dgm4_272166,4,0,0.00081647077,0
dgm4_1148013,4,0,0.03517015,0
dgm4_1268388,4,0,0.06817119,0
dgm4_538130,4,0,0.0007843,0
nc_382445,4,0,0.15606935,0
nc_997455,4,0,0.0072409823,0
dgm4_1105616,4,0,0.007376016,0
dgm4_702789,4,0,0.022597367,0
nc_314833,4,0,0.021263227,0
dgm4_972792,4,0,0.0022380883,0
dgm4_294654,4,0,0.0007957443,0
dgm4_933573,4,0,0.0015502844,0
nc_1093849,4,0,0.027421841,0
dgm4_1658768,4,0,6.352734e-05,0
dgm4_118174,4,0,0.004568533,0
nc_449341,4,0,0.014622944,0
dgm4_159516,4,0,0.0007281198,0
dgm4_1284549,4,0,0.013247225,0
dgm4_1535597,4,0,0.014637564,0
dgm4_201151,4,0,0.0010494072,0
dgm4_567019,4,0,0.002594032,0
dgm4_268127,4,0,0.003938829,0
dgm4_212305,4,0,0.0003898922,0
dgm4_1157298,4,0,0.005155938,0
dgm4_701313,4,0,0.0007876059,0
nc_414681,4,0,0.05326188,0
dgm4_1445535,4,0,0.00036476596,0
dgm4_688184,4,0,0.00095570274,0
dgm4_867131,4,0,0.003475453,0
dgm4_1665554,4,0,0.0029007916,0
dgm4_1626530,4,0,5.827531e-05,0
dgm4_1449423,4,0,0.0006753486,0
nc_337783,4,0,0.8715174,1
nc_616343,4,0,0.0057360386,0
dgm4_511888,4,0,0.0032219572,0
dgm4_422092,4,0,0.0050948197,0
nc_223706,4,0,0.015742969,0
nc_907511,4,0,0.8935157,1
nc_625961,4,0,0.0028402507,0
nc_110124,4,0,0.013346114,0
nc_140904,4,0,0.13304736,0
nc_1632071,4,0,0.0018480873,0
nc_1568553,4,0,0.20531525,0
dgm4_532525,4,0,0.00036886698,0
dgm4_715091,4,0,0.009505836,0
dgm4_1574377,4,0,0.003995427,0
dgm4_770248,4,0,0.010357599,0
nc_320741,4,0,0.15799464,0
nc_1139086,4,0,0.009614559,0
nc_490715,4,0,0.0039759804,0
dgm4_215387,4,0,0.009380531,0
dgm4_543015,4,0,0.0022173685,0
dgm4_153627,4,0,0.00041556958,0
dgm4_1550915,4,0,0.0004556574,0
dgm4_1623851,4,0,0.0077569056,0
dgm4_683557,4,0,0.01621258,0
nc_475104,4,0,0.28488687,0
dgm4_918825,4,0,0.64653766,1
dgm4_565688,4,0,0.013741068,0
dgm4_205977,4,0,6.690128e-05,0
dgm4_315892,4,0,0.0003956225,0
nc_1462021,4,0,0.9149727,1
dgm4_379467,4,0,0.005170848,0
nc_1554643,4,0,0.004411485,0
dgm4_1549813,4,0,0.00053760037,0
nc_1679759,4,0,0.0006305595,0
nc_1157534,4,0,0.40807375,0
dgm4_252110,4,0,0.0008991752,0
dgm4_100208,4,0,9.6509146e-05,0
dgm4_1023404,4,0,0.003198545,0
dgm4_1080084,4,0,0.07684645,0
dgm4_203490,4,0,0.003115943,0
dgm4_315130,4,0,0.050357554,0
dgm4_684108,4,0,0.0006922791,0
dgm4_416271,4,0,0.0021340004,0
dgm4_1162028,4,0,0.00037400733,0
dgm4_1066232,4,0,0.010361153,0
dgm4_57244,4,0,0.014166032,0
dgm4_289737,4,0,0.0058533694,0
dgm4_516735,4,0,0.0029167053,0
dgm4_1561929,4,0,0.008270283,0
dgm4_620299,4,0,7.3046824e-05,0
dgm4_1525498,4,0,0.0038440535,0
dgm4_523765,4,0,0.0064962045,0
dgm4_850272,4,0,0.0017095844,0
dgm4_1231841,4,0,0.0127735445,0
dgm4_213007,4,0,0.005067539,0
dgm4_865108,4,0,0.00036500755,0
dgm4_1449890,4,0,0.0025823272,0
dgm4_236201,4,0,0.0014645569,0
dgm4_1181833,4,0,0.013840686,0
dgm4_828823,4,0,0.00014886104,0
dgm4_316865,4,0,0.0008613063,0
dgm4_853295,4,0,0.003685173,0
dgm4_1449588,4,0,0.002352222,0
dgm4_421334,4,0,0.0002921553,0
dgm4_1509372,4,0,0.31427944,0
dgm4_378867,4,0,0.0023269684,0
dgm4_1686563,4,0,0.0003817613,0
dgm4_1548148,4,0,0.0005222096,0
dgm4_447518,4,0,0.0014191017,0
dgm4_1609852,4,0,0.00011233261,0
dgm4_145021,4,0,0.0003015524,0
dgm4_840503,4,0,0.002550579,0
dgm4_1544462,4,0,0.007038252,0
dgm4_180924,4,0,0.0010643728,0
dgm4_1471403,4,0,0.0041197054,0
dgm4_460231,4,0,0.0051153405,0
dgm4_600196,4,0,0.0031965189,0
dgm4_500197,4,0,0.0011541344,0
dgm4_761563,4,0,0.0011114893,0
dgm4_1592657,4,0,0.03801417,0
dgm4_911740,4,0,0.000103812126,0
dgm4_383678,4,0,9.014816e-05,0
dgm4_1141684,4,0,0.00014762631,0
dgm4_750814,4,0,0.00218279,0
dgm4_211867,4,0,0.0006565293,0
dgm4_941907,4,0,0.00044117236,0
dgm4_667904,4,0,6.9871126e-06,0
dgm4_1635430,4,0,0.013662636,0
dgm4_359999,4,0,0.27665383,0
dgm4_1660926,4,0,0.057708245,0
dgm4_480731,4,0,0.0018217579,0
dgm4_1543650,4,0,0.007654982,0
dgm4_189471,4,0,0.0011092768,0
dgm4_1615851,4,0,7.155672e-05,0
dgm4_1217050,4,0,0.00014841233,0
dgm4_1196669,4,0,0.0006929318,0
dgm4_353364,4,0,0.001154826,0
dgm4_701191,4,0,0.0040778844,0
dgm4_1461315,4,0,0.01677516,0
dgm4_788534,4,0,0.18906888,0
dgm4_713263,4,0,0.0294388,0
dgm4_181149,4,0,0.0020853071,0
dgm4_185607,4,0,0.00026747744,0
dgm4_1110595,4,0,0.0049850764,0
dgm4_1477280,4,0,0.0034558412,0
dgm4_550514,4,0,0.0010767777,0
dgm4_861932,4,0,0.011959075,0
dgm4_1127483,4,0,0.00077475765,0
dgm4_698944,4,0,0.27397853,0
dgm4_956792,4,0,0.00048382414,0
dgm4_1567546,4,0,0.00076378306,0
dgm4_902309,4,0,0.0122802425,0
dgm4_766883,4,0,0.0021313517,0
dgm4_193086,4,0,0.0060718935,0
dgm4_419739,4,0,0.0011430733,0
dgm4_1481941,4,0,0.009939736,0
dgm4_91273,4,0,0.019177014,0
dgm4_1635225,4,0,0.01828248,0
dgm4_703700,4,0,0.00012757682,0
dgm4_909158,4,0,0.0025997444,0
dgm4_1236961,4,0,0.02766627,0
dgm4_721213,4,0,0.009763261,0
dgm4_1579973,4,0,0.018433088,0
dgm4_1664236,4,0,0.00011138627,0
dgm4_1122206,4,0,0.004676224,0
dgm4_274203,4,0,0.0003896313,0
dgm4_1152843,4,0,6.8735404e-05,0
dgm4_405880,4,0,0.00021911526,0
dgm4_1684430,4,0,0.007910715,0
dgm4_1267822,4,0,0.037156794,0
dgm4_1108399,4,0,0.0031823174,0
dgm4_517991,4,0,7.68162e-06,0
dgm4_1521330,4,0,0.0443023,0
dgm4_496297,4,0,0.0006870522,0
dgm4_488725,4,0,0.000258875,0
dgm4_808544,4,0,0.0009206635,0
dgm4_1528534,4,0,0.0003281416,0
dgm4_788448,4,0,0.00018522203,0
dgm4_888696,4,0,0.05758342,0
dgm4_1285913,4,0,0.2490981,0
dgm4_1644595,4,0,0.0006733718,0
dgm4_154789,4,0,0.00024311182,0
dgm4_702644,4,0,0.003140563,0
dgm4_704019,4,0,0.00042003748,0
dgm4_710426,4,0,0.0009810807,0
dgm4_445761,4,0,0.009994845,0
dgm4_935386,4,0,0.0030289246,0
dgm4_586097,4,0,0.000522982,0
dgm4_1208607,4,0,0.00015503987,0
dgm4_171372,4,0,0.022693345,0
dgm4_70534,4,0,0.0024310942,0
dgm4_720152,4,0,0.0007714079,0
dgm4_375628,4,0,0.0009006796,0
dgm4_752007,4,0,0.03350602,0
dgm4_1544395,4,0,0.020589761,0
dgm4_668279,4,0,0.0012839552,0
dgm4_811886,4,0,0.0025012852,0
dgm4_1510136,4,0,0.0012507127,0
dgm4_904913,4,0,0.013730407,0
dgm4_1190521,4,0,0.017243272,0
dgm4_1555803,4,0,0.00029064037,0
dgm4_935208,4,0,0.34430817,0
dgm4_416886,4,0,0.1492691,0
dgm4_191172,4,0,0.00058841467,0
dgm4_565852,4,0,0.003872114,0
dgm4_444585,4,0,0.0011326806,0
dgm4_568853,4,0,0.12960471,0
dgm4_1466232,4,0,0.022430886,0
dgm4_134532,4,0,0.0026936398,0
dgm4_664115,4,0,0.005229434,0
dgm4_862454,4,0,0.0006374509,0
dgm4_1466529,4,0,0.0013354255,0
dgm4_1530304,4,0,0.0012067718,0
dgm4_721771,4,0,0.012565576,0
dgm4_1658513,4,0,0.00013564606,0
dgm4_1649171,4,0,0.000112270485,0
dgm4_740771,4,0,0.065263316,0
dgm4_563764,4,0,0.011048012,0
dgm4_980006,4,0,0.003232509,0
dgm4_567258,4,0,0.0019945076,0
dgm4_214617,4,0,0.0018955166,0
dgm4_335967,4,0,0.0018210764,0
dgm4_1139339,4,0,0.004468961,0
dgm4_241303,4,0,0.00031540563,0
dgm4_1684461,4,0,0.011952563,0
dgm4_771012,4,0,0.0012902939,0
dgm4_161753,4,0,0.0025733036,0
dgm4_1015394,4,0,0.00026614883,0
dgm4_1148159,4,0,0.0005719319,0
dgm4_654486,4,0,0.00032001807,0
dgm4_707734,4,0,0.007645208,0
dgm4_1681090,4,0,0.0033117596,0
dgm4_768093,4,0,0.027253337,0
dgm4_1490692,4,0,0.00095831003,0
dgm4_684280,4,0,0.021019744,0
dgm4_69421,4,0,0.0011220814,0
dgm4_1456690,4,0,0.00023495764,0
dgm4_1263337,4,0,0.0003196656,0
dgm4_714262,4,0,0.00020437046,0
dgm4_436444,4,0,0.0005551401,0
dgm4_1540550,4,0,0.013147848,0
dgm4_1170321,4,0,0.0036995134,0
dgm4_1675094,4,0,0.00011182122,0
dgm4_1231244,4,0,2.0678031e-05,0
dgm4_308990,4,0,0.00013407669,0
dgm4_59738,4,0,4.179898e-05,0
dgm4_599291,4,0,0.0021346014,0
dgm4_558311,4,0,7.0174638e-06,0
dgm4_1512435,4,0,0.0010830015,0
dgm4_1225175,4,0,0.0015747531,0
dgm4_710952,4,0,0.0062807617,0
dgm4_775376,4,0,0.018658968,0
dgm4_717716,4,0,0.21210642,0
dgm4_170287,4,0,0.0030314673,0
dgm4_97285,4,0,0.0058378596,0
dgm4_227935,4,0,0.00089197996,0
dgm4_530574,4,0,0.0022916365,0
dgm4_931012,4,0,0.0022373728,0
dgm4_1017439,4,0,0.01761819,0
dgm4_758654,4,0,0.012957475,0
dgm4_673978,4,0,0.00025753872,0
dgm4_291215,4,0,9.8560165e-05,0
dgm4_444310,4,0,0.011778147,0
dgm4_583437,4,0,0.00053798436,0
dgm4_534025,4,0,0.00073333835,0
dgm4_1623221,4,0,0.012128392,0
dgm4_1464644,4,0,0.012634231,0
dgm4_1100290,4,0,0.0032663594,0
dgm4_485437,4,0,0.0015119597,0
dgm4_1480329,4,0,0.038698785,0
dgm4_248729,4,0,0.00048501315,0
dgm4_184564,4,0,0.007246805,0
dgm4_558089,4,0,0.021696538,0
dgm4_895991,4,0,0.009726611,0
dgm4_359323,4,0,0.035844587,0
dgm4_196639,4,0,0.019185377,0
dgm4_1595501,4,0,0.0014384962,0
dgm4_925946,4,0,0.006832146,0
dgm4_1263325,4,0,0.5413176,1
dgm4_1054517,4,0,0.26777056,0
dgm4_908685,4,0,0.0017476127,0
dgm4_1512515,4,0,0.0035674195,0
dgm4_238757,4,0,0.0005639822,0
